Author,Title,Year,Score, read ,Modern Library         100 best of 20th century compiled in 1998,Man Booker,NBCC,National Book Award,Pen/Faulkner,Pulitzer,"  Esquire           75 best, sept 2008",Flanagan          best of 21st century,Observer           100 best of all time compiled in 2003,Daniel Burt      100 greatest novels of all time compiled in 2004,Radcliffe          100 best of 20th century compiled in 1998,Time Magazine         100 best novels since 1923 compiled in 2005,NYTimes      best novels of last 25 years compiled in 2006
"Mahajan, Karen",The Association of Small Bombs,2016,1,,,,,,,,,,,,,,2016
"McGuire, Ian",The North Water,2016,1,,,,,,,,,,,,,,2016
"Whitehead, Colson",The Underground Railroad,2016,2,,,,,1,,,,,,,,,2016
"Kang, Han",The Vegetarian,2016,1,1,,,,,,,,,,,,,2016
"Hertmans, Stefan",War and Turpentine,2016,1,,,,,,,,,,,,,,2016
"Hannaham, James ",Delicious Foods,2016,1,1,,,,,1,,,,,,,,
"Nguyen, Viet Thanh",The Sympathizer,2016,1,,,,,,,1,,,,,,,
"Beatty, Paul",The Sellout,2015,3,1,,1,1,,,,,,,,,,2015
"Berlin, Lucia",A Manual for Cleaning Women,2015,1,1,,,,,,,,,,,,,2015
"Cusk, Rachel",Outline,2015,1,1,,,,,,,,,,,,,2015
"Ferrante, Elena",The Story of the Lost Child Book 4; Neopolitan Novels,2015,1,1,,,,,,,,,,,,,2015
"James, Marlon",A Brief History of Seven Killings,2015,1,,,1,,,,,,,,,,,
"Johnson, Adam",Fortune Smiles,2015,1,1,,,,1,,,,,,,,,
"Lish, Atticus",Preparation for the Next Life,2015,1,,,,,,1,,,,,,,,
"Doerr, Anthony",All the Light We Cannot See,2014,2,1,,,,,,1,,,,,,,2014
"Flanagan, Richard",The Narrow Road to the Deep North,2014,1,1,,1,,,,,,,,,,,
"Fowler, Karen Joy",We Are All Completely Beside Ourselves,2014,1,1,,,,,1,,,,,,,,
"Greene, Amy",Long Man,2014,0,1,,,,,,,,,,,,,
"King, Lilly",Euphoria,2014,1,1,,,,,,,,,,,,,2014
"Klay, Phil",Redeployment,2014,2,1,,,,1,,,,,,,,,2014
"Ofill, Jenny",Dept. of Speculation,2014,1,1,,,,,,,,,,,,,2014
"Robinson, Marilynne",Lila,2014,1,1,,,1,,,,,,,,,,
"Sharma, Akil",Family Life,2014,1,1,,,,,,,,,,,,,2014
"Ferrante, Elena",Those Who Leave and Those Who Stay,2013,0,1,,,,,,,,,,,,,
"Adichie, Chimamanda",Americanah,2013,2,1,,,1,,,,,,,,,,2013
"Atkinson, Kate",Life after Life,2013,1,1,,,,,,,,,,,,,2013
"Catton, Eleanor",The Luminaries,2013,1,1,,1,,,,,,,,,,,
"Johnson, Adam",The Orphan Master's Son,2013,1,,,,,,,1,,,,,,,
"Kushner, Rachel",Flamethrowers,2013,1,1,,,,,,,,,,,,,2013
"McBride, James ",The Good Lord Bird,2013,1,1,,,,1,,,,,,,,,
"Saenz, Benjamin Alire",Everything Begins and Ends at the Kentucky Club,2013,1,,,,,,1,,,,,,,,
"Saunders, George",Tenth of December,2013,1,1,,,,,,,,,,,,,2013
"Tartt, Donna",The Goldfinch,2013,2,1,,,,,,1,,,,,,,2013
"Ferrante, Elena",The Story of a New Name,2012,0,1,,,,,,,,,,,,,
"Eggers, Dave",A Hologram for the King,2012,1,,,,,,,,,,,,,,2012
"Erdrich, Louise",The Round House,2012,1,,,,,1,,,,,,,,,
"Ford, Richard",Canada,2012,0,1,,,,,,,,,,,,,
"Fountain, Ben",Billy Lynn's Long Halftime Walk,2012,1,,,,1,,,,,,,,,,
"Mantel, Hilary",Bring up the Bodies,2012,2,,,1,,,,,,,,,,,2012
"Otsuka, Julia",The Buddha in the Attic,2012,1,1,,,,,1,,,,,,,,
"Powers, Kevin",The Yellow Birds,2012,1,,,,,,,,,,,,,,2012
"Smith, Zadie",NW,2012,1,1,,,,,,,,,,,,,2012
"Ullman, Ellen",By Blood,2012,0,1,,,,,,,,,,,,,
"Ware, Chris",Building Stories,2012,1,,,,,,,,,,,,,,2012
"Ferrante, Elena",My Brilliant Friend,2011,0,1,,,,,,,,,,,,,
"Barnes, Julian",The Sense of an Ending,2011,1,,,1,,,,,,,,,,,
"Eisenberg, Deborah",The Collected Stories of Deborah Eisenberg,2011,1,,,,,,1,,,,,,,,
"Harbach, Chad",The Art of Fielding,2011,1,1,,,,,,,,,,,,,2011
"Henderson, Eleanor",Ten Thousand Saints,2011,1,1,,,,,,,,,,,,,2011
"Johnson, Denis",Train Dreams,2011,1,,,,,,,0.33,,,,,,,
"King, Stephen","""11/22/63",2011,1,1,,,,,,,,,,,,,2011
"Obreht, Tea",The Tiger's Wife,2011,1,1,,,,,,,,,,,,,2011
"Pearlman, Edith",Binocular Vision,2011,1,,,,1,,,,,,,,,,
"Russell, Karen",Swamplandia,2011,2,1,,,,,,0.33,,,,,,,2011
"Wallace, David Foster",The Pale King,2011,1,,,,,,,0.33,,,,,,,
"Ward, Jesmyn",Salvage the Bones,2011,1,1,,,,1,,,,,,,,,
"Alexie, Sherman",War Dances,2010,1,1,,,,,1,,,,,,,,
"Beattie, Ann",The New Yorker Stories,2010,1,,,,,,,,,,,,,,2010
"Donogue, Emma",Room,2010,1,1,,,,,,,,,,,,,2010
"Egan, Jennifer",A Visit from the Goon Squad,2010,3,1,,,1,,,1,,,,,,,2010
"Franzen, Jonathan",Freedom,2010,1,,,,,,,,,,,,,,2010
"Gordon, Jaime",The Lord of Misrule,2010,1,1,,,,1,,,,,,,,,
"Harding, Paul",Tinkers,2010,1,,,,,,,1,,,,,,,
"Jacobson, Howard",The Finkler Question,2010,1,1,,1,,,,,,,,,,,
"Trevor, William",Selected Stories,2010,1,,,,,,,,,,,,,,2010
"Lethem, Jonathan",Chronic City,2009,1,,,,,,,,,,,,,,2009
"Li, Yiyun",The Vagrants,2009,0,1,,,,,,,,,,,,,
"Mantel, Hilary",Wolf Hall,2009,2,1,,1,1,,,,,,,,,,
"McCann, Colum",Let the Great World Spin,2009,1,1,,,,1,,,,,,,,,
"Meloy, Maile",Both Ways is the only way I Want It,2009,1,,,,,,,,,,,,,,2009
"Moore, Lorrie",A Gate at the Stairs,2009,1,1,,,,,,,,,,,,,2009
"Strout, elizabeth",Olive Kitteridge,2009,1,1,,,,,,1,,,,,,,
"Walbert, Kate",A Short History of Women,2009,1,,,,,,,,,,,,,,2009
"Walls, Jeanette",Half Broke Horses,2009,1,,,,,,,,,,,,,,2009
"Adiga, Aravind",The White Tiger,2008,1,,,1,,,,,,,,,,,
"Bolano, Robert",2666,2008,2,,,,1,,,,,,,,,,2008
"Christensen, Kate",The Great Man,2008,1,,,,,,1,,,,,,,,
"Diaz, Junot",The Brief Wondrous Life of Oscar Wao,2008,2,1,,,1,,,1,,,,,,,
"Lahiri, Jhumpa",Unaccostumed Earth,2008,1,,,,,,,,,,,,,,2008
"Matthiessen, Peter",Shadow Country,2008,1,,,,,1,,,,,,,,,
"Millhauser, Stephen",Dangerous Laughter,2008,1,,,,,,,,,,,,,,2008
"Morrison, Toni",A Mercy,2008,1,,,,,,,,,,,,,,2008
"O'Neill, Joseph",Netherland,2008,2,1,,,,,1,,,,,,,,2008
"Bolano, Robert",The Savage Detectives,2007,1,,,,,,,,,,,,,,2007
"Enright, Anne",The Gathering,2007,1,1,,1,,,,,,,,,,,
"Ferris, Joshua",Then We Came to the End,2007,1,,,,,,,,,,,,,,2007
"Johnson, Denis",Tree of Smoke,2007,2,1,,,,1,,,,,,,,,2007
"McCarthy, Cormac",The Road,2007,1,1,,,,,,1,,,,,,,
"Petterson, Per",Out Stealing Horses,2007,1,,,,,,,,,,,,,,2007
"Roth, PHilip",Exit Ghost,2007,0,1,,,,,,,,,,,,,
"Thomas, Michael",Man Gone Down,2007,1,,,,,,,,,,,,,,2007
"Brooks, Geraldine",March,2006,1,,,,,,,1,,,,,,,
"Desai, Kiran",The Inheritance of Loss,2006,2,1,,1,1,,,,,,,,,,
"Ford, Richard",The Lay of the Land,2006,1,1,,,,,,,,,,,,,2006
"Hempel, Amy",The Collected Stories of Amy Hempel,2006,1,,,,,,,,,,,,,,2006
"Messud, Claire",The Emperor's Children,2006,1,,,,,,,,,,,,,,2006
"Pessl, Marisha",Special Topics in Calamity Physics,2006,1,,,,,,,,,,,,,,2006
"Powers, Richard",The Echo Maker,2006,1,1,,,,1,,,,,,,,,
"Roth, Philip",Everyman,2006,1,1,,,,,1,,,,,,,,
"Shteyngart, Gary",Absurdistan,2006,1,1,,,,,,,,,,,,,2006
"Woodrell, Daniel",Winter's Bone,2006,1,,,,,,,,1,,,,,,
"Banville, John",The Sea,2005,1,1,,1,,,,,,,,,,,
"Doctorow, E L ",The March,2005,3,1,,,1,,1,,,8,,,,,
"Gaitskill, Mary",Veronica,2005,1,,,,,,,,,,,,,,2005
"Helprin, Mark",Freddy and Fredericka,2005,1,,,,,,,,,6,,,,,
Ishiguro,Never Let Me Go,2005,1,1,,,,,,,,,,,,1,
"McEwan, Ian",Saturday,2005,1,1,,,,,,,,,,,,,2005
"Murakami, Haruki",Kafka on the Shore,2005,1,1,,,,,,,,,,,,,2005
"Sittenfeld, Curtis",Prep,2005,1,1,,,,,,,,,,,,,2005
"Smith, Zadie",On Beauty,2005,2,,,,,,,,,10,,,,,2005
"Vollman, William",Europe Central,2005,2,,,,,1,,,,5,,,,,
"Hollinghurst, Alan",The Line of Beauty,2004,2,,,1,,,,,,2,,,,,
"Jin, Ha",War Trash,2004,2,1,,,,,1,,,,,,,,2004
"Mitchell, David",Cloud Atlas,2004,1,,,,,,,,,3,,,,,
"Munro, Alice",Runaway,2004,1,1,,,,,,,,,,,,,2004
"Pamuk, Orhan",Snow,2004,1,,,,,,,,,,,,,,2004
"Robinson, Marilynne",Gilead,2004,3,1,,,1,,,1,,,,,,,2004
"Roth, Philip",The Plot Against America,2004,1,1,,,,,,,,,,,,,1
"Smith, Ali",The Accidental,2004,1,1,,,,,,,,1,,,,,
"Toibin, Colm",The Master,2004,1,,,,,,,,,,,,,,2004
"Tuck, Lily",The News from Paraguay,2004,1,1,,,,1,,,,,,,,,
"Updike, John",The Early Stories,2004,1,,,,,,1,,,,,,,,
"Alexander, Caroline",The Bounty,2003,1,,,,,,,,,,,,,,2003
"Ali, Monica",Brick Lane,2003,1,1,,,,,,,,,,,,,2003
"Boyle, T.C.",Drop City,2003,1,,,,,,,,,,,,,,2003
"Hazzard, Shirley",The Great Fire,2003,1,,,,,1,,,,,,,,,
"Jones, Edward P",The Known World,2003,5,1,,,1,,,1,1,7,,,,,1
"Lethem, Jonathan",Fortress of Solitude,2003,1,1,,,,,,,,,,,,,2003
"Murray, Sabina",The Caprices,2003,1,,,,,,1,,,,,,,,
"Pierre, DBC",Vernon God Little,2003,1,,,1,,,,,,,,,,,
"Eugenides, Jeffrey",Middlesex,2002,3,1,,,,,,1,,9,,,,,2002
"Glass, Julia",Three Junes,2002,1,1,,,,1,,,,,,,,,
"Kennedy, William",Roscoe,2002,1,,,,,,,,,,,,,,2002
"Martel, Yann",Life of Pi,2002,1,,,1,,,,,,,,,,,
"McEwan, Ian",Atonement,2002,4,1,,,1,,,,,,1,,,1,2002
"Patchett, Ann",Bel Canto,2002,1,1,,,,,1,,,,,,,,
"Russo, Richard",Empire Falls,2002,1,,,,,,,1,,,,,,,
"Ullman, Ellen",The Bug,2002,0,1,,,,,,,,,,,,,
"Carey, Peter",True History of the Kelly Gang,2001,2,,,1,,,,,,,,,,,2001
"Chabon, Michael",The Amazing Adventures of Kavalier and Clay,2001,1,,,,,,,1,,,,,,,
"Franzen, Jonathan",The Corrections,2001,4,1,,,,1,,,,4,,,,1,2001
"Munro, Alice","Hateship, Friendship, Courtship, Loveship, Marriage",2001,1,,,,,,,,,,,,,,2001
"Sebald, W G ",Austerlitz,2001,3,1,,,1,,,,,,1,,,,2001
"Whitehead, Colson",John Henry Days,2001,1,,,,,,,,,,,,,,2001
"Atwood, Margaret",The Blind Assassin,2000,2,1,,1,,,,,,,,,,1,
"Crace, Jim",Being Dead,2000,2,1,,,1,,,,,,,,,,2000
"Heaney, Seamus",Beowulf:  New Verse Translation,2000,1,1,,,,,,,,,,,,,2000
"Jin, Ha",Waiting  ,2000,2,1,,,,1,1,,,,,,,,
"Lahiri, Jhumpa",Interpreter of Maladies,2000,1,1,,,,,,1,,,,,,,
"Roth, Philip",The Human Stain,2000,2,1,,,,,1,,,,,,,,1
"Smith, Zadie",White Teeth,2000,2,1,,,,,,,,,,,,1,2000
"Sontag, Susan",In America,2000,1,,,,,1,,,,,,,,,
"Updike, John",Gertrude and Claudius,2000,1,,,,,,,,,,,,,,2000
"Coetzee, J M ",Disgrace,1999,2,,,1,,,,,,,,,,,1999
"Cunninghum, Michael",The Hours,1999,2,1,,,,,1,1,,,,,,,
"Doyle, Roddie",A Star Called Henry: Volume 1 of the Last Roundup,1999,1,,,,,,,,,,,,,,1999
"Frayn, Michael",Headlong,1999,1,,,,,,,,,,,,,,1999
"Haruf, Kent",Plainsong,1999,1,,,,,,,,1,,,,,,
"Lethem, Jonathan",Motherless Brooklyn,1999,1,,,,1,,,,,,,,,,
"Proulx, Annie",Close Range: Wyoming Stories,1999,1,,,,,,,,,,,,,,1999
"Banks, Russell",Cloudsplitter,1998,1,,,,,,,,,,,,,,1998
"Cramer, Richard Ben",What it Takes,1998,1,,,,,,,,1,,,,,,
"Gates, David",Preston Falls,1998,1,,,,,,,,,,,,,,1998
"Kindsolver, Barbara",The Poisonwood Bible,1998,1,,,,,,,,,,,,,,1998
"McCarthy, Cormac",Border Trilogy,1998,2,1,,,,1,,,,,,,,,1
"McDermott, Alice",Charming Billy,1998,1,,,,,1,,,,,,,,,
"McEwan, Ian",Amsterdam,1998,1,,,1,,,,,,,,,,,
"Moore, Lorrie",Birds of America,1998,1,,,,,,,,,,,,,,1998
"Munro, Alice",The Love of a Good Woman,1998,2,1,,,1,,,,,,,,,,1998
"Zabor, Rafi",The Bear Comes Home,1998,1,,,,,,1,,,,,,,,
"Berriault, Gina ",Women in their Beds,1997,2,,,,1,,1,,,,,,,,
"DeLillo, Don",Underworld,1997,2,1,,,,,,,1,,,,,,1
"Fitzgerald, Penelope",The Blue Flower,1997,2,1,,,1,,,,,,,,,,1997
"Frazier, Charles",Cold Mountain,1997,1,,,,,1,,,,,,,,,
"Millhauser, Steven",Martin Dressler: The Tale of an American Dreamer,1997,1,,,,,,,1,,,,,,,
"Ozick, Cynthia",The Puttermusser Papers,1997,1,,,,,,,,,,,,,,1997
"Pynchon, Thomas",Mason and Dixon,1997,1,,,,,,,,,,,,,,1997
"Roth, Philip",American Pastoral,1997,5,1,,,,,,1,1,,1,,,1,1
"Roy, Arundhati",The God of Small Things,1997,1,,,1,,,,,,,,,,,
"Updike, John",Toward the End of Time,1997,1,,,,,,,,,,,,,,1997
"Barrett, Andrea",Ship Fever and Other Stories,1996,1,,,,,1,,,,,,,,,
"Gallant, Mavis",The Collected Stories of Mavis Gallant,1996,1,,,,,,,,,,,,,,1996
"Munro, Alice",Selected Stories,1996,1,,,,,,,,,,,,,,1996
"Raban, Jonathan",Badland,1996,1,,,,,,,,,,,,,,1996
"Rushdie, Salman",The Moor's Last Sigh,1996,1,,,,,,,,,,,,,,1996
"Saunders, George",CivilWarLand in Bad Decline,1996,1,,,,,,,,1,,,,,,
"Swift, Graham",Last Orders,1996,1,,,1,,,,,,,,,,,
"Trevor, William",After Rain,1996,1,,,,,,,,,,,,,,1996
"Wallace, David Foster",Infinite Jest,1996,1,,,,,,,,,,,,,1,
"Amis, Martin",The Information,1995,1,,,,,,,,,,,,,,1995
"Barker, Pat",The Ghost Road,1995,1,,,1,,,,,,,,,,,
"Eco, Umberto",The Island of the Day Before,1995,1,1,,,,,,,,,,,,,1995
"Elkin, Stanley",Mrs. Ted Bliss,1995,1,,,,1,,,,,,,,,,
"Ellroy, James",American Tabloid,1995,1,,,,,,,,1,,,,,,
"Ford, Richard",Independence Day,1995,4,1,,,,,1,1,,,,,,1,1995
"Geterson, David",Snow Falling on Cedars,1995,1,,,,,,1,,,,,,,,
"Nabokov, Vladimir",The Stories of Vladimir Nabokov,1995,1,,,,,,,,,,,,,,1995
"Pullman, Philip",Northern Lights,1995,1,,,,,,,,,,1,,,,
"Roth, Philip",Sabbath's Theatre,1995,2,1,,,,1,,,,,,,,,2
"Shields, Carol",The Stone Diaries,1995,2,,,,1,,,1,,,,,,,
"Gaddis, William",A Frolic of his Own,1994,2,,,,,1,,,,,,,,,1994
"Kelman, James","How Late it Was, How Late",1994,1,,,1,,,,,,,,,,,
"Munro, Alice",Open Secrets,1994,1,,,,,,,,,,,,,,1994
"Murakami, Haruki",The Wind-up Bird Chronicles,1994,1,,,,,,,,1,,,,,,
"O'Brien, Tim",In the Lake of the Woods,1994,1,,,,,,,,,,,,,,1994
"Proulx, Annie",The Shipping News,1994,2,1,,,,1,,1,,,,,,,
"Wright, Stephen",Going Native,1994,1,,,,,,,,1,,,,,,
"Butler, Robert Olen",A Good Scent from a Strange Mountain,1993,1,,,,,,,1,,,,,,,
"Cela, Camilo Jose",Mazurka for Two Dead Men,1993,1,,,,,,,,,,,,,,1993
"Doyle, Roddy",Paddy Clarke Ha Ha Ha,1993,1,,,1,,,,,,,,,,,
"Gaines, Earnest",A Lesson Before Dying,1993,1,,,,1,,,,,,,,,,
"Gallant, Mavis",Stories,1993,1,,,,,,,,,,,,,,1993
"Herling, Gustaw",The Island: Three Tales,1993,1,,,,,,,,,,,,,,1993
"Klima, Ivan",Judge on Trial,1993,1,,,,,,,,,,,,,,1993
"Proulx, Annie",Postcards,1993,1,,,,,,1,,,,,,,,
"Roth, Philip",Operation Shylock,1993,2,1,,,,,1,,,,,,,,1
"Trevor, William",The Collected Stories    ,1993,1,,,,,,,,,,,,,,1993
"Barker, Pat",Regeneration,1992,1,,,,,,,,,,,,,,1992
"DeLillo, Don",Mao II,1992,1,1,,,,,1,,,,,,,,
"Johnson, Denis",Jesus' Son,1992,1,1,,,,,,,,,,,,,2
"McCarthy, Cormac",All The Pretty Horses,1992,1,1,,,1,,,,,,,,,,
"Merwin, W. S. ",The Lost Upland,1992,1,,,,,,,,,,,,,,1992
"Morrison, Toni",Jazz,1992,2,1,,,,,,,,,,,56,,1992
"Ondaatje, Michael",The English Patient,1992,2,1,,1,,,,,,,,,,,1992
"Smiley, Jane",A Thousand Acres,1992,2,1,,,1,,,1,,,,,,,
"Stephenson, Neal",Snow Crash,1992,1,1,,,,,,,,,,,,1,
"Stone, Robert",Outerbridge Reach,1992,1,,,,,,,,,,,,,,1992
"Unsworth, Barry",Sacred Hunger,1992,1,,,1,,,,,,,,,,,
"Amis, Martin",Time's Arrow,1991,1,,,,,,,,1,,,,,,
"Begley, Louis",Wartime Lies,1991,1,,,,,,,,,,,,,,1991
"Carter, Angela",Wise Children,1991,1,,,,,,,,,,1,,,,
"Okri, Ben",The Famished Road,1991,1,,,1,,,,,,,,,,,
"Pritchett, V. S.",Complete Collected Stories,1991,1,,,,,,,,,,,,,,1991
"Rush, Norman ",Mating,1991,2,1,,,,1,,,,,,,,,2
"Spiegelman, Art",MAUS A Survivor's Tale II,1991,1,,,,,,,,,,,,,,1991
"Trevor, William","Two Lives: ""Reading Turgenev"" and ""My House in Umbria""",1991,1,,,,,,,,,,,,,,1991
"Wideman, John Edgar",Philadelphia Fire,1991,1,,,,,,1,,,,,,,,
"Akhmatova, Anna",Complete Poems,1990,1,,,,,,,,,,,,,,1990
"Amis, Martin",London Fields,1990,1,,,,,,,,,,,,,,1990
"Byatt, A. S.",Possession,1990,3,1,,1,,,,,,,,,,1,1990
"Ellroy, James",L.A. Confidential,1990,1,,,,,,,,,,1,,,,
"Gordimer, Nadine",My Son's Story,1990,1,,,,,,,,,,,,,,1990
"Hijuelos, Oscar",The Mambo Kings Play Songs of Love,1990,1,,,,,,,1,,,,,,,
"Johnson, Charles",Middle Passage,1990,1,1,,,,1,,,,,,,,,
"Munro, Alice",Friend of my Youth,1990,1,,,,,,,,,,,,,,1990
"O'Brien, Tim",The Things They Carried,1990,2,1,,,,,,,1,,,,,,2
"Rushdie, Salman",Haroun and the Sea of Stories,1990,1,,,,,,,,,,1,,,,
"Walcott, Derek",Omeros,1990,1,,,,,,,,,,,,,,1990
"Banks, Russell",Affliction,1989,1,,,,,,,,1,,,,,,
"Boyle, T.C.",If the River Was Whiskey,1989,1,,,,,,,,,,,,,,1989
"Casey, John",Spartina,1989,1,,,,,1,,,,,,,,,
"Dahl, Roald",The BFG,1989,1,,,,,,,,,,1,,,,
"Doctorow, E L ",Billy Bathgate,1989,3,,,,1,,1,,,,,,,,1989
"Eco, Umberto",Foucault's Pendulum,1989,1,1,,,,,,,,,,,,,1989
"Ishiguro, Kazuo",The Remains of the Day,1989,2,1,,1,,,,,,,,,,,1989
"Ozick, Cynthia",The Shawl,1989,1,1,,,,,,,,,,,,,1989
"Salter, James",Dusk,1989,1,,,,,,1,,,,,,,,
"Tyler, Anne",Breathing Lessons,1989,1,,,,,,,1,,,,,,,
"Wolff, Tobias",This Boy's Life,1989,1,,,,,,,,1,,,,,,
Brodkey,Stories in an almost Classical Mode,1988,1,,,,,,,,,,,,,,1988
"Carey, Peter",Oscar and Lucinda,1988,2,,,1,,,,,,,1,,,,
"Carver, Raymond",Where I'm Calling From,1988,2,1,,,,,,,1,,,,,,2
"DeLillo, Don",Libra,1988,1,1,,,,,,,,,,,,,2
"Dexter, Pete",Paris Trout,1988,1,,,,,1,,,,,,,,,
"Flanagan, Thomas",The Tenants of Time,1988,1,,,,,,,,,,,,,,1988
"Marquez, Gabriel Garcia",Love in the Time of Cholera,1988,1,,,,,,,,,,,,,,1988
"Mukherjee, Bharati",The Middleman and Other Stories,1988,1,,,,1,,,,,,,,,,
"Pavic, Milorad","The Khazars: A Lexicon Novel in 100,000 Words",1988,1,,,,,,,,,,,,,,1988
"Rushdie, Salman",Satanic Verses,1988,2,,,,,,,,,,,,55,,1989
"Shammas, Anton",Arabesques,1988,1,,,,,,,,,,,,,,1988
"Auster, Paul",The New York Trilogy,1987,1,1,,,,,,,,,1,,,,
"Barnes, Julian",Staring at the Sun,1987,1,,,,,,,,,,,,,,1987
"Bellow, Saul",More Die of Heartbreak,1987,1,1,,,,,,,,,,,,,1987
"Boyle, T.C.",World's end,1987,2,,,,,,1,,,,,,,,1987
"Heinemann, Larry",Paco's Story,1987,1,,,,,1,,,,,,,,,
"Lively, Penelope",Moon Tiger,1987,1,,,1,,,,,,,,,,,
"Morrison, Toni",Beloved,1987,5,1,,,,,,1,,,,45,7,1,2
"Szabo, Magda",The Door,1987,1,,,,,,,,,,,,,,2015
"Taylor, Peter",A Summons to Memphis,1987,1,1,,,,,,1,,,,,,,
"Voznesensky, Andrei",An Arrow in the Wall: Selected Poetry and Prose,1987,1,,,,,,,,,,,,,,1987
"Wiley, Richard",Soldiers in Hiding,1987,1,,,,,,1,,,,,,,,
"Wolfe, Tom",Bonfire of the Vanities,1987,2,1,,,,,,,,,,,65,,1987
"Amis, Kingsley",The Old Devils,1986,1,,,1,,,,,,,,,,,
"Atwood, Margaret",The Handmaid's Tale,1986,1,1,,,,,,,,,,,,,1986
"Carter, Angela",Saints and Strangers,1986,1,,,,,,,,,,,,,,1986
"Doctorow, E. L.",World's Fair,1986,1,,,,,1,,,,,,,,,
"Ford, Richard",The Sportswriter,1986,2,1,,,,,,,1,,,,,1,
Ishiguro,An Artist of the Floating World,1986,1,1,,,,,,,,,1,,,,
"Jhabvala, Ruth Prawer",Out of India: Selected Stories,1986,1,,,,,,,,,,,,,,1986
"LeCarre, John",A Perfect Spy,1986,1,,,,,,,,,,,,,,1986
"McMurtry, Larry",Lonesome Dove,1986,2,,,,,,,1,1,,,,,,
Moore & Gibbons,Watchmen,1986,1,,,,,,,,,,,,,1,
"Munro, Alice",The Progress of Love,1986,1,,,,,,,,,,,,,,1986
"Price, Reynolds",Kate Vaiden,1986,1,,,,1,,,,,,,,,,
"Roth, Philip",Counterlife,1986,2,1,,,1,,,,,,,,,,2
"Rush, Norman ",Whites,1986,1,,,,,,,,,,,,,,1986
"Updike, John",Roger's Version,1986,1,1,,,,,,,,,,,,,1986
"Barnes, Julian",Flaubert's Parrot,1985,1,,,,,,,,,,,,,,1985
"Calvino, Italo",Mr. Palomar,1985,1,,,,,,,,,,,,,,1985
"DeLillo, Don",White Noise,1985,4,1,,,,1,,,,,,,82,1,1
"Erdrich, Louise",Love Medicine,1985,2,,,,1,,,,,,,,,,1985
"Hulme, Keri",The Bone People,1985,1,,,1,,,,,,,,,,,
"Levi, Primo",The Periodic Table,1985,2,1,,,,,,,,,1,,,,1985
"Lurie, Alison",Foreign Affairs,1985,1,,,,,,,1,,,,,,,
"McCarthy, Cormac",Blood Meridian,1985,3,1,,,,,,,1,,,,,1,1
"Taylor, Peter",The Old Forest and Other Stories,1985,2,,,,,,1,,,,,,,,1985
"Tyler, Anne",The Accidental Tourist,1985,1,,,,1,,,,,,,,,,
"Wolff, Tobias",The Barracks thief,1985,1,,,,,,1,,,,,,,,
"Amis, Martin",Money,1984,2,,,,,,,,,,1,,,1,
"Bellow, Saul",Him With His Foot In His Mouth,1984,1,1,,,,,,,,,,,,,1984
"Brookner, Anita",Hotel du Lac,1984,1,,,1,,,,,,,,,,,
"Coetzee, J M ",Life and Tims of Michael K,1984,2,,,1,,,,,,,,,,,1984
"Doctorow, E. L.",Lives of the Poets,1984,1,,,,,,,,,,,,,,1984
"Gibson, William",Neuromancer,1984,1,,,,,,,,,,,,,1,
"Gilchrist, Ellen",Victory Over Japan: A Book of Stories,1984,1,,,,,1,,,,,,,,,
"Kundera, Milan",The Unbearable Lightness of Being,1984,1,,,,,,,,,,,,,,1984
"Llosa, Mario Vargas",The War of the End of the World,1984,1,,,,,,,,,,,,,,1984
"Munif, Abd al-Rahman",Cities of Salt,1984,1,,,,,,,,,,,71,,,
Philips,Machine Dreams,1984,1,,,,,,,,,,,,,,1984
"Terkel, Studs",The Good War,1984,1,,,,,,,,1,,,,,,
"Wideman, John Edgar",Brothers and Keepers,1984,1,,,,,,,,,,,,,,1984
"Wideman, John Edgar",Sent for You Yesterday,1984,1,,,,,,1,,,,,,,,
"Carver, Raymond",Cathedral,1983,1,,,,,,,,,,,,,,1983
"Chase, Joan",During the Reigh of the Queen of Persia,1983,1,,,,,,,,,,,,,,1983
"Eco, Umberto",The Name of the Rose,1983,1,1,,,,,,,,,,,,,1983
"Helprin, Mark",Winter's Tale,1983,2,1,,,,,,,1,,,,,,1
"Kennedy, William",Ironweed,1983,4,1,92,,1,,,1,,,,,,,1983
"Marquez, Gabriel Garcia",Chronicle of a Death Foretold,1983,1,,,,,,,,,,,,,,1983
"Munro, Alice",The Moons of Jupiter,1983,1,,,,,,,,,,,,,,1983
"Olson, Toby",Seaview,1983,1,,,,,,1,,,,,,,,
"Roth, Philip",The Anatomy Lesson,1983,1,,,,,,,,,,,,,,1983
"Beattie, Ann",The Burning House,1982,1,,,,,,,,,,,,,,1983
"Elkin, Stanley",George Mills,1982,1,,,,1,,,,,,,,,,
"Keneally, Thomas",Schindler's List,1982,3,,,1,,,,,,,,,41,,1982
"Llosa, Mario Vargas",Aunt Julia and the Scriptwriter,1982,1,,,,,,,,,,,,,,1982
"Tyler, Anne",Dinner at the Homesick Restaurant,1982,1,,,,,,,,,,,,,,1982
"Updike, John",Bech is Back,1982,1,,,,,,,,,,,,,,1982
"Walker, Alice",The Color Purple,1982,3,,,,,1,,1,,,,,5,,
"Abish, Walter",How German Is It,1981,1,,,,,,1,,,,,,,,
"Bradley, David",The Chaneysville Incident,1981,2,,,,,,1,,,,,,,,1981
"Gray, Alasdair",Lanark,1981,1,,,,,,,,,,1,,,,
"Gray, Francine du Plessix",World Without End,1981,1,,,,,,,,,,,,,,1981
"Morris, Wright",Plains Song,1981,1,,,,,1,,,,,,,,,
"Roth, Philip",Zuckerman Unbound,1981,1,,,,,,,,,,,,,,1981
"Rushdie, Salman",Midnight's Children,1981,6,,90,1,,,,,1,,,,100,1,1981
"Stone, Robert",A Flag for Sunrise,1981,1,,,,,,,,,,,,,,1981
"Thomas, D. M. ",The White Hotel,1981,1,,,,,,,,,,,,,,1981
"Beattie, Ann",Falling in Place,1980,1,,,,,,,,,,,,,,1980
"Calvino, Italo",Italian Folktales,1980,1,,,,,,,,,,,,,,1980
"Coetzee, J M ",Waiting for the Barbarians,1980,2,,,,,,,,,,1,,,,1982
"Doctorow, E. L.",Loon Lake,1980,1,,,,,,,,,,,,,,1980
"Frisch, Max",Man in the Holocene,1980,1,1,,,,,,,,,,,,,1980
"Golding, William",Rites of Passage,1980,1,,,1,,,,,,,,,,,
"Hazard, Shirley",The Transit of Venus,1980,1,,,,1,,,,,,,,,,
"Maxwell, William","So Long, See You Tomorrow",1980,2,,,,,1,,,1,,,,,,
"Robinson, Marilynne",Housekeeping,1980,3,1,,,,,,,,,1,,,1,2
"Toole, John Kennedy",A Confederacy of Dunces,1980,3,1,,,,,,1,1,,,,,,1
"Welty, Eudora",The Collected Stories of Eudora Welty,1980,2,,,,,1,,,,,,,,,1980
"Calvino, Italo",If on a Winter's Night a Traveler,1979,1,,,,,,,,,,1,,,,
"Didion, Joan",The White Album,1979,1,,,,,,,,,,,,,,1979
"Epstein, Leslie",King of the Jews,1979,1,,,,,,,,,,,,,,1979
"Fitzgerald, Penelope",Offshore,1979,1,,,1,,,,,,,,,,,
"Flanagan, Thomas",The Year of the French,1979,1,,,,1,,,,,,,,,,
"Hardwick, Elizabeth",Sleepless Nights,1979,1,,,,,,,,,,,,,,1979
"Harrison, Jim",Legends of the Fall,1979,1,,,,,,,,1,,,,,,
"Kundera, Milan",The Book of Laughter and Forgetting,1979,1,,,,,,,,,,1,,,,
"Mailer, Norman",The Executioner's Song,1979,3,,,,,,,1,,,1,,,,1979
"Naipaul, V S",A Bend in the River,1979,3,1,83,,,,,,,,1,,,,1979
"O'Brien, Tim",Going After Cacciato,1979,1,,,,,1,,,,,,,,,
"O'Connor, Flannery",The habit of Being,1979,1,,,,,,,,,,,,,,1979
"Roth, Philip",The Ghost Writer,1979,1,1,,,,,,,,,,,,,1979
"Styron, William",Sophie's Choice,1979,4,1,96,,,1,,,1,,,,57,,
"Updike, John",Too Far to Go: The Maples Stories,1979,1,,,,,,,,,,,,,,1979
"Wolfe, Tom",The Right Stuff,1979,1,,,,,,,,1,,,,,,
"Bukowski, Charles",Women   ,1978,1,1,,,,,,,1,,,,,,
"Cheever, John",Collected Stories,1978,5,,,,1,1,,1,1,,,,,,1978
"Gordon, Mary",Final Payments,1978,1,,,,,,,,,,,,,,1978
"Grass, Gunter",The Flounder,1978,1,,,,,,,,,,,,,,1978
"Irving, John",The World According to Garp,1978,3,1,,,,1,,,,,,,37,,1978
"Johnson, Diane",Lying Low,1978,1,,,,,,,,,,,,,,1978
"Lessing, Doris",Stories,1978,1,,,,,,,,,,,,,,1978
"McPherson, James Alan",Elbow Room,1978,1,,,,,,,1,,,,,,,
"Murdoch, Iris","The Sea, The Sea",1978,1,,,1,,,,,,,,,,,
"Settle, Mary Lee",Blood Tie,1978,1,,,,,1,,,,,,,,,
"Simmons, Charles",Wrinkles,1978,1,,,,,,,,,,,,,,1978
"Updike, John",The Coup,1978,1,,,,,,,,,,,,,,1978
"Adams, Douglas",A Hitchhiker's Guide to the Galaxy,1977,1,,,,,,,,,,,,72,,
"Cheever, John",Falconer,1977,2,1,,,,,,,,,,,,1,1977
"Didion, Joan",A Book of Common Prayer,1977,1,1,,,,,,,,,,,,,1977
"Herr, Michael",Dispatches,1977,1,,,,,,,,1,,,,,,
"King, Stephen",The Shining,1977,1,,,,,,,,1,,,,,,
"Lowell, Robert",Day by Day,1977,1,,,,,,,,,,,,,,1977
"Morrison, Toni",Song of Solomon,1977,4,1,,,1,,,,,,1,,25,,1977
"Scott, Paul",Staying ON,1977,1,,,1,,,,,,,,,,,
"Stegner, Wallace",The Spectator Bird,1977,1,,,,,1,,,,,,,,,
"Adler, Renata",Speedboat,1976,1,,,,,,,,,,,,,,1976
"Gaddis, William",J. R.,1976,1,,,,,1,,,,,,,,,
"Gardner, John",October Light,1976,2,,,,1,,,,,,,,,,1976
"Haley, Alex",Roots,1976,1,,,,,,,,,,,,,,1976
"Howe, Irving",World of Our Fathers,1976,1,,,,,,,,,,,,,,1976
"Jhabvala, Ruth Prawer",Heat and Dust,1976,2,,,1,,,,,,,,,,,1976
"Marquez, Gabriel Garcia",The Autumn of the Patriarch,1976,1,,,,,,,,,,,,,,1976
"Nabokov, Vladimir",Details of a Sunset,1976,1,,,,,,,,,,,,,,1976
"Powell, Anthony",A Dance to the Music of Time,1976,3,,43,,,,,,,,,,,1,1976
"Storey, David",Saville,1976,1,,,1,,,,,,,,,,,
"Yates, Richard",The Easter Parade,1976,1,,,,,,,,,,,,,,1976
"Barhelme, Donald",The Dead Father,1975,1,,,,,,,,,,,,,,1975
"Bellow, Saul",Humboldt's Gift,1975,2,1,,,,,,1,,,,,,,1975
"Doctorow, E L",Ragtime,1975,4,1,86,,1,,,,,,,,,1,1975
"Matthiessen, Peter",Far Tortuga,1975,1,,,,,,,,,,,,,,1975
"Michaels, Leonard",I Would Have Saved Them If I could,1975,1,,,,,,,,,,,,,,1975
"Naipaul, V S",Guerillas,1975,1,,,,,,,,,,,,,,1975
"Williams, Thomas",The Hair of Harold Roux,1975,1,,,,,1,,,,,,,,,
"Bainbridge, Beryl",The Bottle Factory Outing,1974,1,,,,,,,,,,1,,,,
"Gordimer, Nadine",The Conservationist,1974,1,,,1,,,,,,,,,,,
"Heller, Joseph",Something Happened,1974,1,,,,,,,,,,,,,,1974
"LeCarre, John",Tinker Tailor Soldier Spy,1974,1,,,,,,,,,,1,,,,
"Middleton, Stanley",Holiday,1974,1,,,1,,,,,,,,,,,
"Shaara, Michael",Killer Angels,1974,2,1,,,,,,1,1,,,,,,
"Singer, Isaac Bashevis",A Crown of Feathers and Other Stories,1974,1,,,,,1,,,,,,,,,
"Stone, Robert",Dog Soldiers,1974,4,1,,,,1,,,,1,,,,1,1974
"Barth, John",Chimera,1973,1,,,,,1,,,,,,,,,
"Farrell, J. G. ",The Siebe of Krishnapur,1973,1,,,1,,,,,,,,,,,
"Lessing, Doris",The Summer Before the Dark,1973,1,,,,,,,,,,,,,,1973
"Pynchon, Thomas",Gravity's Rainbow,1973,4,,,,,1,,,,,,28,,1,1973
"Welty, Eudora",The Optimist's Daughter,1973,1,,,,,,,1,,,,,,,
"Williams, John Edward ",Augustus,1973,1,,,,,1,,,,,,,,,
"Berger, John",G.,1972,1,,,1,,,,,,,,,,,
"McCullough, David",The Great Bridge,1972,1,,,,,,,,1,,,,,,
"O'Connor, Flannery",The Complete Stories,1972,1,,,,,1,,,,,,,,,
"Stegner, Wallace",The Angle of Repose,1972,3,1,82,,,,,1,1,,,,,,
"Bellow, Saul",Mr. Sammler's Planet,1971,1,1,,,,1,,,,,,,,,
"Eliot, T. S. ",The Waste Land: A Facisimile and Transcript of the Original Drafts including the annotations of Ezrz Pound,1971,1,,,,,,,,,,,,,,1971
"Naipaul, V S",In a Free State,1971,1,,,1,,,,,,,,,,,
"Ouologuem, Yambo",Bound to Violence,1971,1,,,,,,,,,,,,,,1971
"Barhelme, Donald",City Life,1970,1,,,,,,,,,,,,,,1970
"Blume, Judy","Are You There God?  It's Me, Margaret",1970,1,1,,,,,,,,,,,,1,
"Dickey, James",Deliverance,1970,3,1,42,,,,,,1,,,,,1,
"Didion, Joan",Play it as it Lays,1970,1,1,,,,,,,,,,,,1,
"Marquez, Gabriel Garcia",One Hundred Years of Solitude,1970,3,1,,,,,,,,,1,19,,,1970
"Rubens, Bernice",The Elected Member,1970,1,,,1,,,,,,,,,,,
"Updike, John",Bech: A Book,1970,1,1,,,,,,,,,,,,,1970
"Welty, Eudora",Losing Battles,1970,1,1,,,,,,,,,,,,,1970
"Celine, Louis-Ferdinand",Castle to Castle,1969,1,,,,,,,,,,,,,,1969
"Dick, Philip K",Ubik,1969,1,,,,,,,,,,,,,1,
"Fowles, John",The French Lieutenant's Woman,1969,2,,,,,,,,,,,,93,1,
"Kosinski, Jerzy",Steps,1969,1,1,,,,1,,,,,,,,,
"Momaday, N. Scott",House Made of Dawn,1969,1,,,,,,,1,,,,,,,
"Newby, P. H.",Something to Answer For,1969,1,,,1,,,,,,,,,,,
"Oates, Joyce Carol",them,1969,2,1,,,,1,,,,,,,,,1969
"O'Brian, Patrick",Master and Commander,1969,1,,,,,,,,1,,,,,,
"Roth, Philip",Portnoy's Complaint,1969,3,1,52,,,,,,,,,,,1,1969
"Stafford, Jean",Collected Stories,1969,2,,,,,,,1,,,,,,,1969
"Taylor, Peter",Collected Stories,1969,1,,,,,,,,,,,,,,1969
"Vonnegut, Kurt",Slaughterhouse Five,1969,5,1,18,,,,,,1,,,,29,1,1969
"Berryman, John","His Toy, His Dream, His Rest",1968,1,,,,,,,,,,,,,,1968
"Exley, Frederick",A Fan's Notes,1968,1,,,,,,,,1,,,,,,
"Solzhenitsyn, Alexander",The First Circle,1968,1,,,,,,,,,,,,,,1968
"Wilder, Thornton",The Eighth Day,1968,1,,,,,1,,,,,,,,,
"Malamud, Bernard",The Fixer,1967,2,1,,,,1,,1,,,,,,,
"Salter, James",A Sport and a Pastime,1967,1,1,,,,,,,1,,,,,,
"Styron, William",The Confessions of Nat Turner,1967,2,1,,,,,,1,,,,,,1,
"Porter, Katherine Anne",Collected Stories,1966,2,1,,,,1,,1,,,,,,,
"Pynchon, Thomas",The Crying of Lot 49,1966,1,1,,,,,,,,,,,,1,
"Rhys, Jean",Wide Sargasso Sea,1966,3,1,94,,,,,,,,,,81,1,
"Thompson, Hunter S. ",Hell's Angels,1966,1,,,,,,,,1,,,,,,
"Capote, Truman",In Cold Blood,1965,1,,,,,,,,,,,,53,,
"Fowles, John",The Magus,1965,1,1,93,,,,,,,,,,,,
"Grau, Shirley Ann",The Keepers of the House,1965,1,,,,,,,1,,,,,,,
"Haley, Alex",Autobiography of Malcolm X,1965,1,,,,,,,,1,,,,,,
"Kosinski, Jerzy",The Painted Bird,1965,1,1,,,,,,,,,,,,1,
"McPhee, John",A Sense of Where You Are,1965,1,,,,,,,,1,,,,,,
"Bellow, Saul",Herzog,1964,4,1,,,,1,,,,,1,65,,1,
"Updike, John",The Centaur,1964,1,1,,,,1,,,,,,,,,
"Faulkner, William",The Reivers,1963,1,,,,,,,1,,,,,,,
"LeCarre, John",The Spy Who Came in From the Cold,1963,2,1,,,,,,,1,,,,,1,
"Power, J. F. ",Morte D'Urban,1963,1,,,,,1,,,,,,,,,
"Vonnegut, Kurt",Cat's Cradle,1963,1,,,,,,,,,,,,66,,
"Borges, Jorge Luis",Labyrinths,1962,1,,,,,,,,1,,,,,,
"Burgess, Anthony",A Clockwork Orange,1962,3,1,65,,,,,,,,,,49,1,
"Fuentes, Carlos",The Death of Artemio Cruz,1962,1,,,,,,,,,,,72,,,
"Kesey, Ken",One Flew Over the Cukoo's Nest,1962,3,1,,,,,,,1,,,,28,1,
"Lessing, Doris",The Golden Notebook,1962,2,,,,,,,,,,,48,,1,
"Nabokov, Vladimir",Pale Fire,1962,2,,53,,,,,,,,,,,1,
"O'Connor, Edwin",The Edge of Sadness,1962,1,,,,,,,1,,,,,,,
"Yates, Richard",Revolutionary Road,1962,2,1,,,,,,,1,,,,,1,
"Heller, Joseph",Catch 22,1961,3,1,7,,,,,,,,,,15,1,
"Naipaul, V S",A House for Mr Biswas,1961,2,,72,,,,,,,,,,,1,
"Percy, Walker",The Moviegoer,1961,3,1,60,,,1,,,,,,,,1,
"Richter, Conrad",The Waters of Kronos,1961,1,,,,,1,,,,,,,,,
"Salinger, J D",Franny and Zooey,1961,1,1,,,,,,,,,,,54,,
"Spark, Muriel",The Prime of Miss Jean Brodie,1961,3,1,76,,,,,,,,1,,,1,
"Barth, John",The Sot-Weed Factor,1960,1,,,,,,,,,,,,,1,
"Drury, Allen",Advise and Consent,1960,1,,,,,,,1,,,,,,,
"Durell, Lawrence",The Alexandria Quartet,1960,1,,70,,,,,,,,,,,,
"Lee, Harper",To Kill a Mockingbird,1960,4,1,,,,,,1,,,1,,4,1,
"Roth, Philip","Goodbye, Columbus",1960,1,1,,,,1,,,,,,,,,
"Updike, John",Rabbit Run and Rabbit Novels,1960,7,1,,,1,1,,1,1,,,,97,1,2
"Bellow, Saul",Henderson the Rain King,1959,1,1,21,,,,,,,,,,,,
"Burroughs, William S.",Naked Lunch,1959,2,,,,,,,,,,,,73,1,
"Grass, Gunter",The Tin Drum,1959,2,,,,,,,,,,1,39,,,
"Knowles, John",A Separate Peace,1959,1,1,,,,,,,,,,,67,,
"Malamud, Bernard",The Magic Barrel,1959,1,,,,,1,,,,,,,,,
"Taylor, Robert Lewis",The Travels of Jaimie McPheeters,1959,1,,,,,,,1,,,,,,,
"Achebe, Chinua",Things Fall Apart,1958,4,1,,,,,,,,,1,56,70,1,
"Heinz, W. C.",The Professional,1958,1,,,,,,,,1,,,,,,
"Lampedusa, Giuseppi",The Leopard,1958,1,,,,,,,,,,,93,,,
"Agee, James",A Death in the Family,1957,2,1,,,,,,1,,,,,,1,
"Cheever, John",The Wapshot Chronicles,1957,2,1,63,,,1,,,,,,,,,
"Kerouac, Jack",The Dharma Bums,1957,1,,,,,,,,1,,,,,,
"Malamud, Bernard",The Assistant,1957,1,1,,,,,,,,,,,,1,
"Morris, Wright",The Field of Vision,1957,1,,,,,1,,,,,,,,,
"Rand, Ayn",Atlas Shrugged,1957,1,,,,,,,,,,,,92,,
"Kantor, MacKinlay",Andersonville,1956,1,,,,,,,1,,,,,,,
"O'Hara, John",Ten North Frederick,1956,1,,,,,1,,,,,,,,,
"Donleavy, J P",The Ginger Man,1955,1,,99,,,,,,,,,,,,
"Faulkner, William",A Fable,1955,2,,,,,1,,1,,,,,,,
"Gaddis, William",The Recognitions,1955,1,,,,,,,,,,,,,1,
"Greene, Graham",The Quiet American,1955,1,,,,,,,,,,1,,,,
"Kerouac, Jack",On the Road,1955,5,1,55,,,,,,,,1,91,31,1,
"Nabokov, Vladimir",Lolita,1955,6,1,4,,,,,,1,,1,47,11,1,
"O'Connor, Flannery",A Good Man is Hard to Find,1955,2,1,,,,,,,1,,,,61,,
"Amis, Kingsley",Lucky Jim,1954,3,1,,,,,,,1,,1,,,1,
"Golding, William",Lord of the Flies,1954,4,1,41,,,,,,,,1,,8,1,
"Murdoch, Iris",Under the Net,1954,2,,95,,,,,,,,,,,1,
"Baldwin, James",Go Tell it on the Mountain,1953,3,1,39,,,,,,,,,,36,1,
"Bellow, Saul",The Adventures of Augie March,1953,4,1,81,,,1,,,1,,,,,1,
"Jones, James",From Here to Eternity,1953,2,,62,,,1,,,,,,,,,
"Ellison, Ralph",Invisible Man,1952,6,1,19,,,1,,,1,,,25,24,1,
"Hemingway, Ernest",The Old Man and the Sea,1952,2,1,,,,,,1,,,,,32,,
"O'Connor, Flannery",Wise Blood,1952,1,1,,,,,,,,,1,,,,
"White, E B",Charlotte's Web,1952,2,1,,,,,,,,,1,,13,,
"Wouk, Herman",The Caine Mutiny,1952,1,1,,,,,,1,,,,,,,
"Beckett, Samuel",Molloy; Malone Dies; The Unnamable,1951,2,,,,,,,,,,1,40,,,
"Faulkner, William",Collected Stories,1951,1,,,,,1,,,,,,,,,
"Richter, Conrad",The Town,1951,1,,,,,,,1,,,,,,,
"Salinger, J D",The Catcher in the Rye,1951,5,1,64,,,,,,,,1,94,2,1,
"Algren, Nelson",The Man with the Golden Arm,1950,1,,,,,1,,,,,,,,,
"Guthrie, A. B.",The Way West,1950,1,1,,,,,,1,,,,,,,
"Lewis, C. S.","The Lion, The Witch and the Wardrobe",1950,1,,,,,,,,,,,,,1,
"Bowles, Paul",The Sheltering Sky,1949,2,1,97,,,,,,,,,,,1,
"Cozzens, James Gould",Guard of Honor,1949,1,,,,,,,1,,,,,,,
"Orwell, George",1984,1949,5,1,13,,,,,,,,1,86,9,1,
"Tolkien, J R R",The Lord of the Rings,1949,3,1,,,,,,,,,1,,40,1,
"Greene, Graham",The Heart of the Matter,1948,2,1,40,,,,,,,,,,,1,
"Mailer, Norman",The Naked and the Dead,1948,3,1,51,,,,,,1,,,,80,,
"Michener, James",Tales of the South Pacific,1948,1,,,,,,,1,,,,,,,
"Camus, Albert",The Plague,1947,1,,,,,,,,,,1,,,,
"Lowry, Malcolm",Under the Volcano,1947,4,1,11,,,,,,1,,,81,,1,
Isherwood,The Berlin Stories,1946,1,,,,,,,,,,,,,1,
"Warren, Robert Penn",All The King's Men,1946,5,1,36,,,,,1,1,,,,38,1,
"Fitzgerald, F Scott",The Crack-Up,1945,1,,,,,,,,1,,,,,,
"Green, Henry",Loving,1945,2,1,89,,,,,,,,,,,1,
"Hersey, John",A Bell for Adano,1945,1,,,,,,,1,,,,,,,
"Milford, Nancy",The Pursuit of Love,1945,1,,,,,,,,,,1,,,,
"Orwell, George",Animal Farm,1945,3,1,31,,,,,,,,,,17,1,
"Taylor, Elizabeth",Mrs Palfrey at the Claremont,1945,1,,,,,,,,,,1,,,,
"Waugh, Evelyn",Brideshead Revisited,1945,4,1,80,,,,,,,,,74,74,1,
"Flavin, Martin",Journey in the Dark,1944,1,,,,,,,1,,,,,,,
"Rand, Ayn",Fountainhead,1943,1,,,,,,,,,,,,43,,
"Sinclair, Upton",Dragon's Teeth,1943,1,,,,,,,1,,,,,,,
"Camus, Albert",The Stranger,1942,1,1,,,,,,,,,,58,,,
"Glasgow, Ellen",In This Our Life,1942,1,,,,,,,1,,,,,,,
"Agee, James",Let Us Now Praise Famous Men,1940,1,1,,,,,,,1,,,,,,
"Greene, Graham",The Power and the Glory,1940,2,1,,,,,,,1,,,,,1,
"Hemingway, Ernest",For Whom the Bell Tolls,1940,2,1,,,,,,,1,,,,30,,
"Koestler, Arthur",Darkness at Noon,1940,1,1,8,,,,,,,,,,,,
"McCullers, Carson",The Heart is a Lonely Hunter,1940,2,1,17,,,,,,,,,,,1,
"Stead, Christina",The Man Who Loved Children,1940,1,,,,,,,,,,,,,1,
"Wright, Richard",Native Son,1940,5,1,20,,,,,,1,,,80,27,1,
"Chandler, Raymond",The Big Sleep,1939,2,1,,,,,,,,,1,,,1,
"Joyce, James",Finnegans Wake,1939,3,,77,,,,,,,,,26,44,,
"O'Brien, Flann",At Swim-Two-Birds,1939,1,,,,,,,,,,,,,1,
"Rawlings, Marjorie Kinnan",The Yearling,1939,1,,,,,,,1,,,,,,,
"Steinbeck, John",The Grapes of Wrath,1939,6,1,10,,,,,1,1,,,54,3,1,
"West, Nathanael",The Day of the Locust,1939,2,1,73,,,,,,,,,,,1,
"Bowen, Elizabeth",The Death of the Heart,1938,2,,84,,,,,,,,,,,1,
"Marquand, John Phillips",The Late George Apley,1938,1,,,,,,,1,,,,,,,
"Maurier, Daphne du",Rebecca,1938,1,,,,,,,,,,,,71,,
"Waugh, Evelyn",Scoop,1938,2,,75,,,,,,,,1,,,,
"Cather, Willa",Death Comes for the Archbishop,1937,3,1,61,,,,,,,,,,89,1,
"Hurston, Zora Neale",Their Eyes Were Watching God,1937,3,1,,,,,,,,,,83,23,1,
"Kawabata, Yasunari",Snow Country,1937,1,1,,,,,,,,,,85,,,
"Steinbeck, John",Of Mice and Men,1937,1,1,,,,,,,,,,,12,,
"Davis, Harold",Honey in the Horn,1936,1,,,,,,,1,,,,,,,
"Faulkner, William","Absalom, Absalom",1936,2,1,,,,,,,,,,17,58,,
"Mitchell, Margaret",Gone with the Wind,1936,4,1,,,,,,1,,,,100,26,1,
"Farrell, James T",The Studs Lonigan Trilogy,1935,1,,29,,,,,,,,,,,,
"Johnson, Josephine Winslow",Now in November,1935,1,,,,,,,1,,,,,,,
"Cain, James M",The Postman Always Rings Twice,1934,2,1,98,,,,,,,1,,,,,
"Fitzgerald, F Scott",Tender is the Night,1934,2,1,28,,,,,,,,,,62,,
"Graves, Robert","I, Claudius",1934,2,1,14,,,,,,,,,,,1,
"Miller, Caroline",Lamb in His Bosom,1934,1,,,,,,,1,,,,,,,
"Miller, Henry",Tropic of Cancer,1934,4,1,50,,,,,,1,,,,84,1,
"O'Hara, John",Appointment in Samarra,1934,2,1,22,,,,,,,,,,,1,
"Roth, Henry",Call it Sleep,1934,2,,,,,,,,,,,67,,1,
"Waugh, Evelyn",A Handful of Dust,1934,2,1,34,,,,,,,,,,,1,
"Stein, Gertrude",The Autobiography of Alice B Tokias,1933,1,,,,,,,,,,,,78,,
"Stribling, T. S. ",The Store,1933,1,,,,,,,1,,,,,,,
"Buck, Pearl",The Good Earth,1932,1,1,,,,,,1,,,,,,,
"Caldwell, Erskine",Tobacco Road,1932,1,1,91,,,,,,,,,,,,
"Celine, Louis-Ferdinand",Journey to the End of Night,1932,1,,,,,,,,,,1,,,,
"Faulkner, William",Light in August,1932,3,1,54,,,,,,,,,,68,1,
"Huxley, Aldous",Brave New World,1932,3,1,5,,,,,,,,1,,16,,
"Barnes, Margaret Ayer",Years of Grace,1931,1,,,,,,,1,,,,,,,
"Dos Passos, John",U.S.A. (trilogy),1930,3,,23,,,,,,,,1,68,,,
"Faulkner, William",As I Lay Dying,1930,4,1,35,,,,,,1,,1,,19,,
"Hammett, Dashiell",The Maltese Falcon,1930,2,1,56,,,,,,,,,,79,,
"Lafarge, Oliver",Laughing Boy,1930,1,1,,,,,,1,,,,,,,
"Musil, Robert",The Man Without Qualities,1930,1,,,,,,,,,,,27,,,
"Doblin, Alfred",Berlin Alexanderplatz,1929,1,,,,,,,,,,,70,,,
"Faulkner, William",The Sound and the Fury,1929,4,1,6,,,,,,,,,23,10,1,
"Hammett, Dashiell",Red Harvest/Continental Op,1929,2,,,,,,,,1,,,,,1,
"Hemingway, Ernest",A Farewell to Arms,1929,3,1,74,,,,,,,,,73,20,,
"Hughes, Richard",A High Wind in Jamaica,1929,1,1,71,,,,,,,,,,,,
"Peterkin, Julia",Scarlet Sister Mary,1929,1,,,,,,,1,,,,,,,
"Wolfe, Thomas",Look Homeward Angel,1929,1,1,,,,,,,,,,,76,,
"Ford, Ford Madox ",Parade's End,1928,1,,57,,,,,,,,,,,,
"Huxley, Aldous",Point Counter Point,1928,1,,44,,,,,,,,,,,,
"Lawrence, D H",Lady Chatterly's Lover,1928,1,1,,,,,,,,,,,48,,
"Woolf, Virginia",Orlando,1928,1,,,,,,,,,,,,63,,
"Bromfield, Louis",Early Autumn,1927,1,,,,,,,1,,,,,,,
"Hemingway, Ernest",Men Without Women,1927,1,,,,,,,,,,1,,,,
"Wilder, Thornton",The Bridge of San Luis Rey,1927,3,1,37,,,,,1,,,,,,1,
"Woolf, Virginia",To the Lighthouse,1927,4,1,15,,,,,,,,,21,34,1,
"Gide, Andre",The Counterfeiters,1926,1,,,,,,,,,,,60,,,
"Hemingway, Ernest",The Sun Also Rises,1926,3,1,45,,,,,,,,,,18,1,
"Lewis, Sinclair",Arrowsmith,1926,1,,,,,,,1,,,,,,,
"Milne, A A",Winnie the Pooh,1926,1,,,,,,,,,,,,22,,
"Dreiser, Theodore",An American Tragedy,1925,4,,16,,,,,,,,,46,88,1,
"Ferber, Edna",So Big,1925,1,,,,,,,1,,,,,,,
"Fitzgerald, F Scott",The Great Gatsby,1925,5,1,2,,,,,,,,1,20,1,1,
"Hemingway, Ernest",In Our Time,1925,1,1,,,,,,,,,,,77,,
"Kafka, Franza",The Trial,1925,2,1,,,,,,,,,1,51,,,
"Woolf, Virginia",Mrs Dalloway,1925,3,1,,,,,,,,,1,,46,1,
"Forster, E M",A Passage to India,1924,5,1,25,,,,,,,,1,64,59,1,
"Mann, Thomas",The Magic Mountain,1924,1,,,,,,,,,,,9,,,
"Wilson, Margaret",The Able McLaughlins,1924,1,,,,,,,1,,,,,,,
"Cather, Willa",One of Ours,1923,1,,,,,,,1,,,,,,,
"Fitzgerald, F Scott",The Beautiful and the Damned,1922,1,,,,,,,,,,,,96,,
"Joyce, James",Ulysses,1922,4,1,1,,,,,,,,1,3,6,,
"Lewis, Sinclair",Babbitt,1922,1,,,,,,,,,,,,94,,
"Tarkington, Booth",Alice Adams,1922,1,,,,,,,1,,,,,,,
"Hasek, Jaroslav",The Good Soldier Svejk,1921,1,,,,,,,,,,,96,,,
"Fitzgerald, F Scott",This Side of Paradise,1920,1,,,,,,,,,,,,91,,
"Lawrence, D H",Women in Love,1920,3,1,49,,,,,,,,,30,75,,
"Lewis, Sinclair",Main Street,1920,2,1,68,,,,,,,,,,99,,
"Wharton, Edith",The Age of Innocence,1920,4,1,58,,,,,1,,,,61,42,,
"Anderson, Sherwood","Winesburg, Ohio",1919,2,1,24,,,,,,1,,,,,,
"Cather, Willa",My Antonia,1918,2,1,,,,,,,,,,59,51,,
"Poole, Ernestq",His Family,1918,1,,,,,,,1,,,,,,,
"Tarkington, Booth",The Magnificent Ambersons,1918,2,,100,,,,,1,,,,,,,
"Bely, Andrey",Petersburg,1916,1,,,,,,,,,,,55,,,
"Joyce, James",A Portrait of the Artist as a Young Man,1916,3,1,3,,,,,,,,,37,14,,
"Buchan, John",The Thirty-Nine Steps,1915,1,,,,,,,,,,1,,,,
"Ford, Ford Madox ",The Good Soldier,1915,3,1,30,,,,,,,,1,62,,,
"Lawrence, D H",The Rainbow,1915,2,,48,,,,,,,,1,,,,
"Maugham, Somerset",Of Human Bondage,1915,1,,66,,,,,,,,,,,,
"Joyce, James",Dubliners,1914,1,,,,,,,,1,,,,,,
"Cather, Willa",O Pioneers!,1913,1,1,,,,,,,,,,,83,,
"Lawrence, D H",Sons and Lovers,1913,2,1,9,,,,,,,,,,64,,
"Proust, Marcel",In Search of Lost Time,1913,2,,,,,,,,,,1,4,,,
"Beerbohm, Max",Zuleika Dobson,1911,1,,59,,,,,,,,,,,,
"Wharton, Edith",Ethan Frome,1911,1,,,,,,,,,,,,60,,
"Forster, E M",Howards End,1910,2,,38,,,,,,,,,,52,,
"Bennett, Arnold",The Old Wives' Tale,1908,1,1,87,,,,,,,,,,,,
"Forster, E M",A Room with a View,1908,2,,79,,,,,,,,,,39,,
"Grahame, Kenneth",The Wind in the Willows,1908,2,,,,,,,,,,1,,90,,
"Conrad, Joseph",The Secret Agent,1907,1,1,46,,,,,,,,,,,,
"Sinclair, Upton",The Jungle,1906,1,,,,,,,,,,,,45,,
"Forster, E M",Where Angels Fear to Tread,1905,1,,,,,,,,,,,,98,,
"Wharton, Edith",The House of Mirth,1905,1,,69,,,,,,,,,,,,
"Conrad, Joseph",Nostromo,1904,3,1,47,,,,,,,,1,44,,,
"James, Henry",The Golden Bowl,1904,1,,32,,,,,,,,,,,,
"Butler, Samuel",The Way of All Flesh,1903,1,1,12,,,,,,,,,,,,
"Childers, Erskine",The Riddle of the Sands,1903,1,,,,,,,,,,1,,,,
"James, Henry",The Ambassadors,1903,2,1,27,,,,,,,,,18,,,
"London, Jack",The Call of the Wild,1903,4,1,88,,,,,,1,,1,,33,,
"Conrad, Joseph",Heart of Darkness,1902,3,1,67,,,,,,1,,,,21,,
"Doyle, Arthur Conan",The Hound of the Baskervilles,1902,1,,,,,,,,,,,99,,,
"James, Henry",The Wings of the Dove,1902,2,,26,,,,,,,,,,69,,
"Kipling, Rudyard",Kim,1901,2,,78,,,,,,,,,,95,,
"Mann, Thomas",Buddenbrooks,1901,1,,,,,,,,,,,35,,,
"Baum, L. Frank",The Wonderful Wizard of Oz,1900,1,,,,,,,,,,,,47,,
"Conrad, Joseph",Lord Jim,1900,2,,85,,,,,,,,,,86,,
"Dreiser, Theodore",Sister Carrie,1900,1,1,33,,,,,,,,,,,,
"Chopin, Kate",The Awakening,1899,2,1,,,,,,,,,,63,50,,
"Wells, H G",War of the Worlds,1898,1,,,,,,,,,,,,85,,
"Stoker, Bram",Dracula,1897,1,,,,,,,,,,,97,,,
"Crane, Stepen",The Red Badge of Courage,1895,1,1,,,,,,,,,,53,,,
"Hardy, Thomas",Jude the Obscure,1895,1,,,,,,,,,,1,,,,
"Grossmith, George",The Diary of a Nobody,1892,1,,,,,,,,,,1,,,,
"Hardy, Thomas",Tess of the D'Urbervilles,1891,1,,,,,,,,,,,34,,,
"Hamsun, Knut",Hunger,1890,1,,,,,,,,,,,69,,,
"Wilde, Oscar",The Picture of Dorian Gray,1890,1,,,,,,,,,,1,,,,
"Jerome, Jerome K",Three Men in a Boat,1889,1,,,,,,,,,,1,,,,
"James, Henry",The Bostonians,1886,1,,,,,,,,,,,,87,,
"Stevenson, Robert Louis",Dr Jekyll and Mr Hyde,1886,1,,,,,,,,,,1,,,,
"Zola, Emile",Germinal,1885,1,,,,,,,,,,,66,,,
"Twain, Mark",The Adventures of Huckleberry Finn,1884,3,1,,,,,,,1,,1,14,,,
"James, Henry",Portrait of a Lady,1881,3,,,,,,,,,,1,29,35,,
"Dostoevsky, Feodor",The Brothers Karamazov,1880,3,,,,,,,,1,,1,5,,,
"Tolstoy, Leo",Anna Karenina,1877,2,1,,,,,,,,,1,13,,,
"Eliot, George",Daniel Deronda,1876,1,,,,,,,,,,1,,,,
"Trollope, Anthony",The Way We Live Now,1875,1,,,,,,,,,,1,,,,
"Eliot, George",Middlemarch,1871,1,,,,,,,,,,,8,,,
"Tolstoy, Leo",War and Peace,1869,2,,,,,,,,1,,,2,,,
"Alcott, Louisa May",Little Women,1868,1,,,,,,,,,,1,,,,
"Dostoevsky, Feodor",Crime and Punishment,1866,1,1,,,,,,,,,,22,,,
"Trollope, Anthony",The Last Chronicle of Barset,1866,1,,,,,,,,,,,75,,,
"Carroll, Lewis",Alice's Adventures in Wonderland,1865,1,,,,,,,,,,1,,,,
"Hugo, Victor",Les Miserables,1862,1,,,,,,,,,,,90,,,
"Turgenev, Ivan",Fathers and Sons,1862,1,,,,,,,,,,,43,,,
"Collins, Wilkie",The Woman in White,1860,2,,,,,,,,,,1,95,,,
"Dickens, Charles",Great Expectations,1860,1,,,,,,,,,,,16,,,
"Goncharov, Ivan",Oblomov,1859,1,,,,,,,,,,,82,,,
"Flaubert, Gustave",Madame Bovary,1857,2,1,,,,,,,,,1,7,,,
"Beecher, Harriet",Uncle Tom's Cabin,1852,1,,,,,,,,,,,89,,,
"Dickens, Charles",Bleak House,1852,1,,,,,,,,,,,12,,,
"Melville, Herman",Moby Dick,1851,3,1,,,,,,,1,,1,6,,,
"Dickens, Charles",David Copperfield,1850,1,,,,,,,,,,1,,,,
"Hawthorne, Nathaniel",The Scarlet Letter,1850,2,1,,,,,,,,,1,42,,,
"Bronte, Charlotte",Jane Eyre,1847,2,1,,,,,,,,,1,52,,,
"Bronte, Emily",Wuthering Heights,1847,2,,,,,,,,,,1,38,,,
Thackeray,Vanity Fair,1847,2,,,,,,,,,,1,24,,,
"Disraeli, Benjamin",Sybil,1845,1,,,,,,,,,,1,,,,
"Dumas, Alexandre",The Count of Monte Christo,1844,1,,,,,,,,,,1,,,,
"Dumas, Alexandre",The Three Musketeers,1844,1,,,,,,,,,,,98,,,
"Gogol, Nikolai",Dead Souls,1842,1,1,,,,,,,,,,33,,,
"Balzac, Honore do",The Black Sheep,1841,1,,,,,,,,,,1,,,,
Stendhal,The Charterhouse of Parma,1839,1,,,,,,,,,,1,,,,
"Dickens, Charles",The Pickwick Papers,1836,1,,,,,,,,,,,76,,,
"Balzac, Honore do",Le Pere Goriot,1835,1,,,,,,,,,,,36,,,
Stendhal,The Red and the Black,1830,1,,,,,,,,,,,31,,,
"Manzoni, Alessandro",The Betrothed,1827,1,,,,,,,,,,,87,,,
"Cooper, James Fennemore",The Last of the Mohicans,1826,1,1,,,,,,,,,,88,,,
"Peacock, Thomas",Nightmare Abbey,1818,1,,,,,,,,,,1,,,,
"Shelley, Mary",Frankenstein,1818,2,,,,,,,,,,1,92,,,
"Austen, Jane",Emma,1816,2,1,,,,,,,,,1,11,,,
"Scott, Sir Walter",Waverley,1814,1,,,,,,,,,,,84,,,
"Austen, Jane",Pride and Prejudice,1813,1,1,,,,,,,,,,41,,,
"Xueqin, Cao",Dream of the Red Chamber,1791,1,,,,,,,,,,,50,,,
"Laclos, Pierre de",Dangerous Liasons,1782,1,,,,,,,,,,1,,,,
"Goether, Wolfgang von",The Sorrows of Young Werther,1774,1,,,,,,,,,,,78,,,
"Sterne, Laurence",Tristram Shandy,1760,2,,,,,,,,,,1,32,,,
Voltaire,Candide,1759,1,1,,,,,,,,,,79,,,
"Fielding, Henry",Tom Jones,1749,2,,,,,,,,,,1,15,,,
"Richardson, Samual",Clarissa,1747,2,,,,,,,,,,1,49,,,
"Swift, Johathan",Gulliver's Travels,1726,1,1,,,,,,,,,1,,,,
"Defoe, Daniel",Robinson Crusoe,1719,2,1,,,,,,,,,1,77,,,
"Bunyan, John",Pilgrim's Progress,1678,1,,,,,,,,,,1,,,,
"Lafayette, Madame de",The Princess of Cleves,1678,1,,,,,,,,,,,57,,,
"Cervantes, Miguel de",Don Quixote,1605,2,,,,,,,,,,1,1,,,
"Shikibu, Murasaki",The Tale of Genji,1200,1,,,,,,,,,,,10,,,
